INSERT INTO movies (movie_id, title, genre, release_year, runtime_min, budget_m, revenue_m, imdb_score) VALUES
(1,'Eclipse Protocol','Sci-Fi',2021,128,120,410,7.6),
(2,'Old Town Letters','Drama',2018,110,18,92,7.1),
(3,'Laugh Track','Comedy',2020,98,25,140,6.8),
(4,'Crimson Harbor','Thriller',2019,116,40,210,7.2),
(5,'Kingdom of Sand','Adventure',2016,140,150,520,7.9),
(6,'Neon Nights','Action',2022,122,160,610,7.4),
(7,'Quiet Planet','Sci-Fi',2015,104,30,80,7.0),
(8,'Hearts in Winter','Romance',2017,102,12,75,6.6),
(9,'The Last Exhibit','Mystery',2021,115,22,68,7.3),
(10,'Riverstone','Drama',2022,124,35,155,7.5);

INSERT INTO users (user_id, age_group, country) VALUES
(1,'18-24','USA'),
(2,'25-35','USA'),
(3,'35+','USA'),
(4,'18-24','Canada'),
(5,'25-35','UK'),
(6,'Under 18','USA'),
(7,'18-24','India'),
(8,'35+','UK'),
(9,'25-35','Canada'),
(10,'18-24','USA');

INSERT INTO ratings (rating_id, user_id, movie_id, rating, rated_at, rewatch) VALUES
(1,1,1,8.5,'2024-01-12',1),
(2,2,1,7.5,'2024-01-15',0),
(3,3,1,8.0,'2024-02-01',0),
(4,4,2,7.0,'2024-01-20',0),
(5,5,2,7.5,'2024-02-10',1),
(6,6,3,6.5,'2024-01-08',0),
(7,1,3,7.0,'2024-02-14',1),
(8,7,6,8.2,'2024-03-02',1),
(9,2,6,7.9,'2024-03-05',0),
(10,10,6,7.6,'2024-03-10',0),
(11,9,5,8.8,'2024-02-18',1),
(12,8,5,8.0,'2024-03-01',0),
(13,3,4,7.1,'2024-01-25',0),
(14,4,4,7.6,'2024-02-03',1),
(15,5,8,6.2,'2024-02-22',0),
(16,1,10,7.8,'2024-03-11',1),
(17,2,10,7.2,'2024-03-15',0),
(18,7,9,7.4,'2024-03-18',0),
(19,10,9,7.0,'2024-03-20',0),
(20,9,7,6.9,'2024-01-30',0);
